Article,Name,AccountingName,Quantity,Category,PhotosJSON
00-002488,Вакуумна пакувальна машина HENKELMAN,VACUUM SUSTEMS (HENKELMAN),1,Кухонне обладнання,"[{""name"": ""20260707_170914.jpg"", ""url"": ""https://drive.google.com/file/d/13f_Us7QfgIpVLQhQw31rAS8N_UcHRc0F/view?usp=drivesdk""}]"
00-002117,Гелевий акумулятор EuroRepar Gel 12-33,Акумулятор EuroRepar Gel 12-33 МХП,1,Електрообладнання,[]
00-002118,Гелевий акумулятор 12V 65Ah,Акумулятор Gel 12-65,1,Електрообладнання,[]
00-001203,Акумуляторна батарея SJY LiFePO4 12V 100Ah з LCD та зарядним пристроєм,Акумуляторна батарея SJY LiFePO4 12V100Ah with LCD and Charger,1,Електрообладнання,[]
00-001210,Акумуляторна батарея SJY LiFePO4 12V 100Ah з LCD та зарядним пристроєм,Акумуляторна батарея SJY LiFePO4 12V100Ah with LCD and Charger,1,Електрообладнання,"[{""name"": ""20260707_145232.jpg"", ""url"": ""https://drive.google.com/file/d/1m6Zif7l76jjZbEgM_yofP_uVUIFU4oW1/view?usp=drivesdk""}]"
00-001218,Акумуляторна батарея SJY LiFePO4 12V 100Ah з LCD та зарядним пристроєм,Акумуляторна батарея SJY LiFePO4 12V100Ah with LCD and Charger,1,Електрообладнання,"[{""name"": ""20260707_161008.jpg"", ""url"": ""https://drive.google.com/file/d/1d48jAZR_TArd67WTwu9IPLAT7LMy0I-T/view?usp=drivesdk""}]"
00-001220,Акумуляторна батарея SJY LiFePO4 12V 100Ah з LCD та зарядним пристроєм,Акумуляторна батарея SJY LiFePO4 12V100Ah with LCD and Charger,1,Електрообладнання,[]
00-001558,Барна стійка,"Барна стійка, Чернігів, Всіхсвятська,3 1/1",1,Меблі,[]
00-001572,Барна стійка,"Барна стійка, Чернігів, Миру,201 1/1",1,Меблі,[]
00-001557,"Барне огородження, комплект","Барне огородження (комплект), Чернігів, Всіхсвятська,3 1/1",1,Меблі,[]
00-001560,Барні стільці,"Барний стілець, Чернігів, Всіхсвятська,3 1/2",1,Меблі,[]
00-002493,Барні стільці,"Барний стілець, Чернігів, Всіхсвятська,3 1/3",1,Меблі,[]
00-001146,Блок живлення Dahua DH-PFM320D-015 для відеоспостереження,"Блок живлення до відеоспостереження DH-PFM320D-015, Чернігів-Прилуки, Київська 1/1",1,IT та електроніка,"[{""name"": ""20260707_181251.jpg"", ""url"": ""https://drive.google.com/file/d/1_d69mTmtwZcj-i2g9TfFv4SzRA1M7KbD/view?usp=drivesdk""}]"
00-001195,Блок живлення Dahua DH-PFM320D-015 для відеоспостереження,"Блок живлення до відеоспостереження DH-PFM320D-015, Чернігів,склад, Інструментальна 1/1",1,IT та електроніка,[]
00-001608,Електричний бойлер,"Бойлер, Чернігів, Льотна 1/1",1,Електрообладнання,"[{""name"": ""20260707_144026.jpg"", ""url"": ""https://drive.google.com/file/d/1-8n5L7u6o7UVhG8Pkxou77bztToSM1QI/view?usp=drivesdk""}, {""name"": ""20260707_144034.jpg"", ""url"": ""https://drive.google.com/file/d/18Dox4vpL8ofGqG3pJmM2eusXXDPce0c-/view?usp=drivesdk""}]"
00-000440,Рекламна бренд-стіна (Brand Wall),Бренд Вол мал.,1,Торгове та рекламне,[]
00-001383,Рекламна бренд-стіна (Brand Wall),"Бренд Вол, Чернігів, Всіхсвятська,3б1/1",1,Торгове та рекламне,[]
00-001459,Рекламна бренд-стіна (Brand Wall),"Бренд Вол, Чернігів, Грушевського 1/1",1,Торгове та рекламне,[]
00-001470,Рекламна бренд-стіна (Brand Wall),"Бренд Вол, Чернігів, Миру,253 1/1",1,Торгове та рекламне,"[{""name"": ""20260707_175628.jpg"", ""url"": ""https://drive.google.com/file/d/1Mut30BGjeyOqBd81b2rUTEkreGjShMOR/view?usp=drivesdk""}]"
00-001939,Електронні торгові ваги Промприлад BTA-60/15-5-A,Ваги електронні Промприлад BTA-60/15-5-A (CI) 32465 МХП,1,Торгове та рекламне,[]
00-002489,IP-відеокамера Dahua DH-IPC-HDW2449T-S-IL,Відеокамера цифрова DH-IPC-HDW2449T-S-IL Склад НОА Чернігів,1,IT та електроніка,[]
00-002490,IP-відеокамера Dahua DH-IPC-HDW2449T-S-IL,Відеокамера цифрова DH-IPC-HDW2449T-S-IL склад НОА Чернігів 2,1,IT та електроніка,[]
00-001276,Гідравлічний візок (рокла) DB2000,"Візок гідравлічний DB2000, Чернігів-склад НОА, Інструментальна 1/1",1,Складське обладнання,"[{""name"": ""20260707_180229.jpg"", ""url"": ""https://drive.google.com/file/d/12riPa3ekhRDdoHRqcpduInathpUufa83/view?usp=drivesdk""}]"
00-002609,Бензиновий генератор GenPower GBG40E,Генератор GenPower GBG40 E МХП,1,Електрообладнання,"[{""name"": ""20260707_141803.jpg"", ""url"": ""https://drive.google.com/file/d/1XonGJIgjeI7t-pktVk47VMnLY7USFbM_/view?usp=drivesdk""}]"
00-002044,Бензиновий генератор GenPower GBG40E,Генератор бензиновий GenPower GBG40E МХП,1,Електрообладнання,"[{""name"": ""20260707_141739.jpg"", ""url"": ""https://drive.google.com/file/d/1l2KptKl4sKEJweAqvVltJBWDjqA7A2Hb/view?usp=drivesdk""}, {""name"": ""20260707_141747.jpg"", ""url"": ""https://drive.google.com/file/d/1yc9a7X9p4_WpD9-fjmUG_YhfIsC03IF1/view?usp=drivesdk""}]"
00-002209,Бензиновий генератор GenPower GBG40E,Генератор бензиновий GenPower GBG40E МХП,1,Електрообладнання,[]
00-001270,"Бензиновий генератор SIGMA 220 В, 7,5/8,0 кВт","Генератор бензиновый SIGMA 220В 7.5/8.0кВт, Чернігів-Городня,1Травня 1/1",1,Електрообладнання,"[{""name"": ""20260707_121630.jpg"", ""url"": ""https://drive.google.com/file/d/16He0EfJgYVuhTfBzgJDgs_V-kgElRIwQ/view?usp=drivesdk""}, {""name"": ""20260707_121636.jpg"", ""url"": ""https://drive.google.com/file/d/1StyabH6L4ba0cnMgMXmNYY1tGIZZM5oz/view?usp=drivesdk""}]"
00-001271,"Бензиновий генератор SIGMA 220 В, 7,5/8,0 кВт","Генератор бензиновый SIGMA 220В 7.5/8.0кВт, Чернігів-Мена,Шевченка 1/1",1,Електрообладнання,[]
00-001274,"Бензиновий генератор SIGMA 220 В, 7,5/8,0 кВт","Генератор бензиновый SIGMA 220В 7.5/8.0кВт, Чернігів-Ріпки,Святомиколаївська 1/1",1,Електрообладнання,[]
00-001272,"Бензиновий генератор SIGMA 220 В, 7,5/8,0 кВт","Генератор бензиновый SIGMA 220В 7.5/8.0кВт, Чернігів-Сосниця,Чернігівська 1/1",1,Електрообладнання,"[{""name"": ""20260707_121541.jpg"", ""url"": ""https://drive.google.com/file/d/1eeO7Bbrs8Jje_r2yfKtrixl0AT0NyOYv/view?usp=drivesdk""}]"
00-001261,"Бензиновий генератор SIGMA 220 В, 7,5/8,0 кВт","Генератор бензиновый SIGMA 220В 7.5/8.0кВт, Чернігів, Гвард.Армії 1/1",1,Електрообладнання,[]
00-001263,"Бензиновий генератор SIGMA 220 В, 7,5/8,0 кВт","Генератор бензиновый SIGMA 220В 7.5/8.0кВт, Чернігів, Мазепи 1/1",1,Електрообладнання,[]
00-001266,"Бензиновий генератор SIGMA 220 В, 7,5/8,0 кВт","Генератор бензиновый SIGMA 220В 7.5/8.0кВт, Чернігів,Льотна 1/1",1,Електрообладнання,"[{""name"": ""20260707_121503.jpg"", ""url"": ""https://drive.google.com/file/d/1JNoeFY1tAJ4NTNa9l8HVIO5maFqE_4nx/view?usp=drivesdk""}, {""name"": ""20260707_121510.jpg"", ""url"": ""https://drive.google.com/file/d/1VnP-J3diZ7HRiZKVI76VGGbGkiP67srZ/view?usp=drivesdk""}]"
00-001268,"Бензиновий генератор SIGMA 220 В, 7,5/8,0 кВт","Генератор бензиновый SIGMA 220В 7.5/8.0кВт, Чернігів,Пятницька 1/1",1,Електрообладнання,"[{""name"": ""20260707_121649.jpg"", ""url"": ""https://drive.google.com/file/d/12b0giV5WHrvXQUnVWGK8NvVsImBXJFLk/view?usp=drivesdk""}, {""name"": ""20260707_121654.jpg"", ""url"": ""https://drive.google.com/file/d/1cOXI41co_Al-rp_ElU-WA9CmAyzRYS6Y/view?usp=drivesdk""}]"
00-001580,Професійний гриль для курей,"Гриль для курки, Чернігів,Миру,201 1/1",1,Кухонне обладнання,[]
00-001443,Роликовий гриль для сосисок,"Гриль для сосисок Чернігів-Сосниця, Чернігівська 1/1",1,Кухонне обладнання,"[{""name"": ""20260707_170803.jpg"", ""url"": ""https://drive.google.com/file/d/1e0u5dBS0PKO4qL1Gtk3pEkrhdNf0PAOx/view?usp=drivesdk""}]"
00-001570,Професійний гриль для шаурми,"Гриль для шаурми, Чернігів,Всіхсвятська,3 1/1",1,Кухонне обладнання,"[{""name"": ""20260707_171347.jpg"", ""url"": ""https://drive.google.com/file/d/1NP2k0WuQIZ53p3O8bXMLCsGH7jKGEaIW/view?usp=drivesdk""}]"
00-001579,Професійний гриль для шаурми,"Гриль для шаурми, Чернігів,Миру,201 1/1",1,Кухонне обладнання,"[{""name"": ""20260707_171337.jpg"", ""url"": ""https://drive.google.com/file/d/10kQQzPdQjt9_9JKkWbAPXsWU4m2RQAoO/view?usp=drivesdk""}]"
00-000175,Професійний гриль для курей,"Гриль Кий-В, Д1",1,Кухонне обладнання,"[{""name"": ""20260707_161912.jpg"", ""url"": ""https://drive.google.com/file/d/1ZnOM5Z4ldZbFKJ3JzmjomrpxkB-UKuhJ/view?usp=drivesdk""}, {""name"": ""20260707_161921.jpg"", ""url"": ""https://drive.google.com/file/d/1iC0pkEYeOfD1TDX3nJKXiIH20CTYggLz/view?usp=drivesdk""}]"
00-001456,Контактний притискний гриль,"Гриль прижимний, Чернігів, Грушевського 1/1",1,Кухонне обладнання,"[{""name"": ""20260707_171302.jpg"", ""url"": ""https://drive.google.com/file/d/1ohUXgKLn9eb5kV0m1muDGzgHpdPfOach/view?usp=drivesdk""}]"
00-001457,Електричний гриль,"Гриль, Чернігів, Грушевського 1/1",1,Кухонне обладнання,[]
00-001567,Електричний гриль,"Гриль, Чернігів,Всіхсвятська,3 1/1",1,Кухонне обладнання,"[{""name"": ""20260707_170458.jpg"", ""url"": ""https://drive.google.com/file/d/1HFoMq814so-YJiEasG90Fcvkr-pYNjQD/view?usp=drivesdk""}]"
00-001576,Роликовий гриль для сосисок,"Гриль для сосисок, Чернігів,Миру,201 1/1",1,Кухонне обладнання,"[{""name"": ""20260707_172037.jpg"", ""url"": ""https://drive.google.com/file/d/1HFghbe2BOkNcOLg4JJpZB4XMH_5a5HP9/view?usp=drivesdk""}, {""name"": ""20260707_172046.jpg"", ""url"": ""https://drive.google.com/file/d/1LlQ3nesy4LAq3alWv2ZM_YbGl3J3pw9n/view?usp=drivesdk""}]"
00-002556,Канальний вентилятор VENTS VKM 250,Двигун VENTC VKM 250 1/2,1,Інше,[]
00-002124,Джерело безперебійного живлення SolarX SX-LET500,Джерело безперебійного живлення SolarX SX-LET500,1,Інше,[]
00-001202,"Інвертор TechFine HB 1512, 1200 Вт, 12 В, 30 А",Інвертор TechFine HB 1512 1200w 12v 30A,1,Електрообладнання,[]
00-001217,"Інвертор TechFine HB 1512, 1200 Вт, 12 В, 30 А",Інвертор TechFine HB 1512 1200w 12v 30A,1,Електрообладнання,"[{""name"": ""20260707_145202.jpg"", ""url"": ""https://drive.google.com/file/d/1xKlI5EdMJ44z-yQ1pKEMSb2zZFkoILYD/view?usp=drivesdk""}]"
00-001219,"Інвертор TechFine HB 1512, 1200 Вт, 12 В, 30 А",Інвертор TechFine HB 1512 1200w 12v 30A,1,Електрообладнання,[]
00-001221,"Інвертор TechFine HB 1512, 1200 Вт, 12 В, 30 А",Інвертор TechFine HB 1512 1200w 12v 30A,1,Електрообладнання,[]
00-000666,Комплект охоронної сигналізації Ajax StarterKit 2 (8EU) White,"Комплект охоронної сигналізації Ajax StarterKit 2 (8EU) white, Героїв Праці-Чернігів,Прилуки,Київськ",1,Інше,[]
00-001049,Комплект охоронної сигналізації Ajax StarterKit 2 (8EU) White,"Комплект охоронної сигналізації Ajax StarterKit 2 (8EU) white, Чернігів-Сосниця, Виноградського 1/1",1,Інше,[]
00-002579,Компресор від холодильного агрегату,Компресор від холодильного агрегату,1,Холодильне обладнання,[]
00-002450,Кондиціонери та внутрішні блоки різних моделей,"Кондиціонер ""Grol"" НР024 Чернігів",1,Електрообладнання,[]
00-002483,Кондиціонери та внутрішні блоки різних моделей,"Кондиціонер ARCTIC внутрішній блок з НР022 Лук'яненка,17",1,Електрообладнання,[]
00-001655,Кондиціонери та внутрішні блоки різних моделей,"Кондиціонер Digital, Київ-Березань, Шевченків Шлях 1/1 МХП",1,Електрообладнання,"[{""name"": ""20260707_130557.jpg"", ""url"": ""https://drive.google.com/file/d/1Oq1g7q8fHJhEwz86W_Kc3MKOXImyTMX2/view?usp=drivesdk""}]"
00-002484,Кондиціонери та внутрішні блоки різних моделей,"Кондиціонер HONDA внутрішній блок з НР022 Лук'яненка,17",1,Електрообладнання,[]
00-002486,Кондиціонери та внутрішні блоки різних моделей,"Кондиціонер SATURN внутрішній блок з НР025 Миру,203",1,Електрообладнання,[]
00-000461,Кондиціонери та внутрішні блоки різних моделей,Кондиціонер Вороб.гори,1,Електрообладнання,"[{""name"": ""20260707_130913.jpg"", ""url"": ""https://drive.google.com/file/d/1_7SCO6nYW8oVR8lPVAjYuJAIvE3jxxU8/view?usp=drivesdk""}, {""name"": ""20260707_130919.jpg"", ""url"": ""https://drive.google.com/file/d/1blZEhVxp1n4WTLPn4pPLXo3LfWBxQgmC/view?usp=drivesdk""}, {""name"": ""20260707_130928.jpg"", ""url"": ""https://drive.google.com/file/d/1kTBGCvcZAsZA1coL673dhr69Ni-OisQg/view?usp=drivesdk""}]"
00-001490,Кондиціонери та внутрішні блоки різних моделей,"Кондиціонер, Київ-Бобровиця, Незалежності 1/1",1,Електрообладнання,"[{""name"": ""20260707_125929.jpg"", ""url"": ""https://drive.google.com/file/d/1lK4XBDJSHu79SwC4QywIh0LPsRUb1kWb/view?usp=drivesdk""}, {""name"": ""20260707_125944.jpg"", ""url"": ""https://drive.google.com/file/d/1QdgoXnrM0CP5xdHv7emrCLFAnrol9x8S/view?usp=drivesdk""}, {""name"": ""20260707_125951.jpg"", ""url"": ""https://drive.google.com/file/d/1HkexUqwXaxywPgKaApeSCIzwfvvfbCsw/view?usp=drivesdk""}]"
00-001676,Кондиціонери та внутрішні блоки різних моделей,"Кондиціонер, Чернігів (Прилуки, Незалежності,64) 1/1",1,Електрообладнання,"[{""name"": ""20260707_130745.jpg"", ""url"": ""https://drive.google.com/file/d/1fjjRnW07LyMDqgig-SqJQPDnNNaBhVw-/view?usp=drivesdk""}, {""name"": ""20260707_130751.jpg"", ""url"": ""https://drive.google.com/file/d/1nUr2CqAaZIl1MgAiinO0FN7uEX2KLPtV/view?usp=drivesdk""}, {""name"": ""20260707_130757.jpg"", ""url"": ""https://drive.google.com/file/d/1g0UM2BKAJpV_89mleo8FuQ9DhYnO8TXP/view?usp=drivesdk""}]"
00-001681,Кондиціонери та внутрішні блоки різних моделей,"Кондиціонер, Чернігів (Примакова, 1, м.7А) 1/1",1,Електрообладнання,"[{""name"": ""20260707_125447.jpg"", ""url"": ""https://drive.google.com/file/d/1FVOQy8SjiD6jH0O2tG7zdkez0Zvnmt0C/view?usp=drivesdk""}, {""name"": ""20260707_125506.jpg"", ""url"": ""https://drive.google.com/file/d/1cBjWSlEM12pCyJPbyCgcWJNYqePsGQ8z/view?usp=drivesdk""}]"
00-001531,Кондиціонери та внутрішні блоки різних моделей,"Кондиціонер, Чернігів-Бахмач,1Травня 1/2",1,Електрообладнання,"[{""name"": ""20260707_130411.jpg"", ""url"": ""https://drive.google.com/file/d/1plFQ7ttiNrb4uwRNPjb3IcJW8j0KIblV/view?usp=drivesdk""}, {""name"": ""20260707_130423.jpg"", ""url"": ""https://drive.google.com/file/d/1r6gZmNtG3RZ3q2XtKnjamr9vqbHOb5cf/view?usp=drivesdk""}, {""name"": ""20260707_130436.jpg"", ""url"": ""https://drive.google.com/file/d/1gH08AsDrmCu2tS5DlB1vEEIsL9iaNYIj/view?usp=drivesdk""}]"
00-001545,Кондиціонери та внутрішні блоки різних моделей,"Кондиціонер, Чернігів-Борзна,Куліша 1/1",1,Електрообладнання,[]
00-001484,Кондиціонери та внутрішні блоки різних моделей,"Кондиціонер, Чернігів-Городня, Петрівського 1/1",1,Електрообладнання,"[{""name"": ""20260707_131138.jpg"", ""url"": ""https://drive.google.com/file/d/1x7CpLGIH8NMVZb-dbYkB10nJPEZpKfeq/view?usp=drivesdk""}, {""name"": ""20260707_131146.jpg"", ""url"": ""https://drive.google.com/file/d/1clCFdbkFk-SrnjFfP3pm4QC8vV5KSjb2/view?usp=drivesdk""}, {""name"": ""20260707_131151.jpg"", ""url"": ""https://drive.google.com/file/d/1L111bkrAjPJHpneXm7VJExt8oeWYYVhm/view?usp=drivesdk""}, {""name"": ""20260707_131200.jpg"", ""url"": ""https://drive.google.com/file/d/1D7IJLC2j6g3Inu8A7Blpu4lfV796f29a/view?usp=drivesdk""}]"
00-001498,Кондиціонери та внутрішні блоки різних моделей,"Кондиціонер, Чернігів-Ічня, Героїв Майдану,5г 1/1",1,Електрообладнання,"[{""name"": ""20260707_131106.jpg"", ""url"": ""https://drive.google.com/file/d/1vMMa7W2bELvGzqArijX18RJxdGzVwtay/view?usp=drivesdk""}, {""name"": ""20260707_131112.jpg"", ""url"": ""https://drive.google.com/file/d/1qgCiYA0qTIa63pnOHH0Dwhd2AWhnD_8h/view?usp=drivesdk""}, {""name"": ""20260707_131126.jpg"", ""url"": ""https://drive.google.com/file/d/1n_6VOiQh6GG0P9lzkJjkSZeWMFmS51N7/view?usp=drivesdk""}]"
00-001512,Кондиціонери та внутрішні блоки різних моделей,"Кондиціонер, Чернігів-Мена, Шевченка,1 1/2",1,Електрообладнання,"[{""name"": ""20260707_125556.jpg"", ""url"": ""https://drive.google.com/file/d/1ApBQClxNiia06r7oliJxemYRwj1C-cPS/view?usp=drivesdk""}, {""name"": ""20260707_125606.jpg"", ""url"": ""https://drive.google.com/file/d/1dWHQRjkV1FrfxpMgLORkq_ZyCvfwDYQy/view?usp=drivesdk""}, {""name"": ""20260707_125623.jpg"", ""url"": ""https://drive.google.com/file/d/17eU3lbDbYcI0Pr5gq3MuVC-S_jMui9Jr/view?usp=drivesdk""}, {""name"": ""20260707_125640.jpg"", ""url"": ""https://drive.google.com/file/d/1mA7nmoKhxN3DMucuN6a7o94ARyIm5erA/view?usp=drivesdk""}, {""name"": ""20260707_125850.jpg"", ""url"": ""https://drive.google.com/file/d/1kA6liAmIfFTAq_0lXtoEYEKJDyzm6xyB/view?usp=drivesdk""}]"
00-001599,Кондиціонери та внутрішні блоки різних моделей,"Кондиціонер, Чернігів-Ріпки, Святомиколаївська 1/1",1,Електрообладнання,[]
00-001360,Кондиціонери та внутрішні блоки різних моделей,"Кондиціонер, Чернігів-Сосниця, Виноградського 1/1",1,Електрообладнання,"[{""name"": ""20260707_125755.jpg"", ""url"": ""https://drive.google.com/file/d/110b636M0bDtU9USH6KAuxVCD8H8GdcNc/view?usp=drivesdk""}, {""name"": ""20260707_130325.jpg"", ""url"": ""https://drive.google.com/file/d/1sbfhF_1DBmXz8JAL3ppA49M1dtrw3T8s/view?usp=drivesdk""}]"
00-001691,Кондиціонери та внутрішні блоки різних моделей,"Кондиціонер, Чернігів, (Всіхсвятська, 1) 1/1",1,Електрообладнання,[]
00-001293,Кондиціонери та внутрішні блоки різних моделей,"Кондиціонер, Чернігів, Всіхсвятська 3АІ-1 1/1",1,Електрообладнання,[]
00-001328,Кондиціонери та внутрішні блоки різних моделей,"Кондиціонер, Чернігів, Гвард.Армії,37 1/1",1,Електрообладнання,"[{""name"": ""20260707_130240.jpg"", ""url"": ""https://drive.google.com/file/d/1ryuOpIZX6yM34U0fVkqwdERNUuFpWNkR/view?usp=drivesdk""}, {""name"": ""20260707_130252.jpg"", ""url"": ""https://drive.google.com/file/d/11GdPfC7dnmHy4cGsw9OjgKyoc3Q1sdsF/view?usp=drivesdk""}]"
00-001453,Кондиціонери та внутрішні блоки різних моделей,"Кондиціонер, Чернігів, Грушевського 1/1",1,Електрообладнання,"[{""name"": ""20260707_130313.jpg"", ""url"": ""https://drive.google.com/file/d/1Uo5PAHKvdMnaoIwQKLWAjg9qyH80GRiM/view?usp=drivesdk""}]"
00-001322,Кондиціонери та внутрішні блоки різних моделей,"Кондиціонер, Чернігів, Дніпровська,4 1/1",1,Електрообладнання,[]
00-001316,Кондиціонери та внутрішні блоки різних моделей,"Кондиціонер, Чернігів, Космонавтів,2 1/1",1,Електрообладнання,"[{""name"": ""20260707_125422.jpg"", ""url"": ""https://drive.google.com/file/d/1JKpyLPq3ezucPg5KSSLMD-9p8I3Z3_90/view?usp=drivesdk""}, {""name"": ""20260707_125427.jpg"", ""url"": ""https://drive.google.com/file/d/18wrCFydmrkvrpgzFu8tp1mZTxRiMk0Hg/view?usp=drivesdk""}]"
00-001310,Кондиціонери та внутрішні блоки різних моделей,"Кондиціонер, Чернігів, Красносільського,59 1/1",1,Електрообладнання,"[{""name"": ""20260707_125353.jpg"", ""url"": ""https://drive.google.com/file/d/160yxQMw8lLLbhRIe9Ua1roqwmv5GgBko/view?usp=drivesdk""}, {""name"": ""20260707_125356.jpg"", ""url"": ""https://drive.google.com/file/d/1o1DZ_5W4SlBw6vJSkdmteWrdWLmDHMFV/view?usp=drivesdk""}]"
00-001504,Кондиціонери та внутрішні блоки різних моделей,"Кондиціонер, Чернігів, Л.Лукяненка,41 1/1",1,Електрообладнання,"[{""name"": ""20260707_130822.jpg"", ""url"": ""https://drive.google.com/file/d/1wr2SuJd-u2Eq4n-3psLB24UN6YLUBX1L/view?usp=drivesdk""}, {""name"": ""20260707_130843.jpg"", ""url"": ""https://drive.google.com/file/d/1glJcJp0GGGV3_J6Iv7_9EGD_2vzO8OSv/view?usp=drivesdk""}, {""name"": ""20260707_130848.jpg"", ""url"": ""https://drive.google.com/file/d/1mujiFmRXd1QzieotW8cnKu9FgEJviaCM/view?usp=drivesdk""}]"
00-001606,Кондиціонери та внутрішні блоки різних моделей,"Кондиціонер, Чернігів, Льотна 1/1",1,Електрообладнання,"[{""name"": ""20260707_130003.jpg"", ""url"": ""https://drive.google.com/file/d/11RdvpIs8MgfOPdEF8ncoTZxoD9S8t4C5/view?usp=drivesdk""}, {""name"": ""20260707_130011.jpg"", ""url"": ""https://drive.google.com/file/d/1TztG9FMjHTxyA8V284_GKhCmYUPfwZvL/view?usp=drivesdk""}]"
00-001469,Кондиціонери та внутрішні блоки різних моделей,"Кондиціонер, Чернігів, Миру,253 1/1",1,Електрообладнання,"[{""name"": ""20260707_132709.jpg"", ""url"": ""https://drive.google.com/file/d/1uxBSPNXrWJNjwfng-n5xESvyvLZBuipH/view?usp=drivesdk""}, {""name"": ""20260707_132718.jpg"", ""url"": ""https://drive.google.com/file/d/1vU9TDfAwrOhJDYuNggN6x5ptJROKscbE/view?usp=drivesdk""}, {""name"": ""20260707_132726.jpg"", ""url"": ""https://drive.google.com/file/d/1Gi311wxDmOgMynLcy3jKVRh0LmWF-B4e/view?usp=drivesdk""}]"
00-001551,Кондиціонери та внутрішні блоки різних моделей,"Кондиціонер, Чернігів,Ринкова 1/1",1,Електрообладнання,"[{""name"": ""20260707_132416.jpg"", ""url"": ""https://drive.google.com/file/d/158A_qQe6VT47720KhetInipuL22ipO64/view?usp=drivesdk""}, {""name"": ""20260707_132421.jpg"", ""url"": ""https://drive.google.com/file/d/1XQBcyzB0gppoNfYWeZl_DEHUeaLUJKVm/view?usp=drivesdk""}]"
00-002554,Купол великий (нержавіюча сталь),Купол великий (нержавіюча сталь) 1/2,1,Інше,[]
00-002555,Купол великий (нержавіюча сталь),Купол великий (нержавіюча сталь) 2/2,1,Інше,[]
00-002553,Купол малий (нержавіюча сталь),Купол малий (нержавіюча сталь),1,Інше,[]
00-001194,Маршрутизатор MikroTik,"Маршрутизатор MIKROTIK, Чернігів, склад, Інструментальна 1/1",1,IT та електроніка,[]
00-001609,Мийки з нержавіючої сталі,"Мийка нержавійка, Чернігів, Льотна 1/1",1,Кухонне обладнання,"[{""name"": ""20260707_145256.jpg"", ""url"": ""https://drive.google.com/file/d/1h6rJXvjNKiisRuDipbI-rm3Zz4NSrx5s/view?usp=drivesdk""}, {""name"": ""20260707_161436.jpg"", ""url"": ""https://drive.google.com/file/d/1Mnzr_kINbLdpXL-EHZKR74UZpGU_m4gT/view?usp=drivesdk""}, {""name"": ""20260707_161448.jpg"", ""url"": ""https://drive.google.com/file/d/1rO0xk3N3oefOcY2Bu_TmuR_n9HbrNaAa/view?usp=drivesdk""}, {""name"": ""20260707_161453.jpg"", ""url"": ""https://drive.google.com/file/d/1Si8M_g4_4lNJAxpx09GP2zrv2Mx8calI/view?usp=drivesdk""}]"
00-001398,Мийки з нержавіючої сталі,"Мийка нержавійка, Чернігів, Миру,201 1/1",1,Кухонне обладнання,"[{""name"": ""20260707_145924.jpg"", ""url"": ""https://drive.google.com/file/d/1Q_pfy-fG1V4DRx6cmnjGaedTpr8KhPVG/view?usp=drivesdk""}]"
00-001399,Мийки з нержавіючої сталі,"Мийка нержавійка, Чернігів, Миру,201 1/2",1,Кухонне обладнання,"[{""name"": ""20260707_161534.jpg"", ""url"": ""https://drive.google.com/file/d/1kvu5FulJblAp4YH0xRGb86QnsPsN_gfV/view?usp=drivesdk""}]"
00-001400,Мийки з нержавіючої сталі,"Мийка нержавійка, Чернігів, Миру,201 1/3",1,Кухонне обладнання,"[{""name"": ""20260707_145831.jpg"", ""url"": ""https://drive.google.com/file/d/1LPqzPlNQrGXQWt8rw-_US3W6WjchtmG2/view?usp=drivesdk""}, {""name"": ""20260707_161515.jpg"", ""url"": ""https://drive.google.com/file/d/1iryGBpbQhe4NAbPMI3i3NWdKIePFI2mG/view?usp=drivesdk""}]"
00-001574,Мийки з нержавіючої сталі,"Мийка нержавійка, Чернігів, Миру,201 1/5",1,Кухонне обладнання,[]
00-001440,Мікрохвильові печі,"Мікрохвильова піч, Чернігів-Сосниця, Чернігівська 1/1",1,Кухонне обладнання,"[{""name"": ""20260707_171122.jpg"", ""url"": ""https://drive.google.com/file/d/1kFuJVT1qNWWn94pVzCaaydPHY9yTz0vA/view?usp=drivesdk""}]"
00-001565,Мікрохвильові печі,"Мікрохвильова піч, Чернігів, Всіхсвятська,3 1/1",1,Кухонне обладнання,"[{""name"": ""20260707_170952.jpg"", ""url"": ""https://drive.google.com/file/d/1St8RsPZSwWqjWcgNoyxrV6CPt12lwFqI/view?usp=drivesdk""}, {""name"": ""20260707_170959.jpg"", ""url"": ""https://drive.google.com/file/d/1vR9LkSP8UCknECSl5uQtyukYPRc5taBz/view?usp=drivesdk""}]"
00-001455,Мікрохвильові печі,"Мікрохвильова піч, Чернігів, Грушевського 1/1",1,Кухонне обладнання,"[{""name"": ""20260707_170928.jpg"", ""url"": ""https://drive.google.com/file/d/14DoVO7wtzVoXi2YUcoYyYHp_29jysWgS/view?usp=drivesdk""}]"
00-001690,Морозильні скрині різних розмірів,"Морозильна скриня (1,0м) , Чернігів, (Всіхсвятська, 1) 1/1",1,Холодильне обладнання,[]
00-001624,Морозильні скрині різних розмірів,"Морозильна скриня (1,0м) 90\*120\*66, Чернігів, Мазепи,55 1/1",1,Холодильне обладнання,"[{""name"": ""20260707_113942.jpg"", ""url"": ""https://drive.google.com/file/d/1-fGzCR0tvq1GhF1uQMZAtIlpHgpT_f7Q/view?usp=drivesdk""}]"
00-001555,Морозильні скрині різних розмірів,"Морозильна скриня (1,0м), Чернігів,Всіхсвятська,3 1/1",1,Холодильне обладнання,[]
00-001550,Морозильні скрині різних розмірів,"Морозильна скриня (1,0м), Чернігів,Ринкова 1/1",1,Холодильне обладнання,[]
00-001632,Морозильні скрині різних розмірів,"Морозильна скриня (1,2м) , Чернігів-гурт, Ріпкінська,4 1/1",1,Холодильне обладнання,"[{""name"": ""20260707_163738.jpg"", ""url"": ""https://drive.google.com/file/d/1Iq9tswJGArmSc8LUmptG51WuMB5GBLBN/view?usp=drivesdk""}]"
00-001473,Морозильні скрині різних розмірів,"Морозильна скриня (1,2м) 92\*123\*64, Чернігів, Пятницька 1/1",1,Холодильне обладнання,[]
00-001303,Морозильні скрині різних розмірів,"Морозильна скриня (1,2м), Чернігів-Городня, 1Травня,19б 1/1",1,Холодильне обладнання,[]
00-001299,Морозильні скрині різних розмірів,"Морозильна скриня (1,2м), Чернігів-Носівка, Центральна,16 1/1",1,Холодильне обладнання,[]
00-001536,Морозильні скрині різних розмірів,"Морозильна скриня (1,2м), Чернігів-Прилуки,Київська 1/1",1,Холодильне обладнання,"[{""name"": ""20260707_121441.jpg"", ""url"": ""https://drive.google.com/file/d/1gYbdkCRj2wRfxRTURRu37JGXjDGSjqwX/view?usp=drivesdk""}]"
00-001326,Морозильні скрині різних розмірів,"Морозильна скриня (1,2м), Чернігів, Гвард.Армії,37 1/1",1,Холодильне обладнання,"[{""name"": ""20260707_111651.jpg"", ""url"": ""https://drive.google.com/file/d/1WnCHdv13IEl2vf3fg5dzq0gKOK1VJq4-/view?usp=drivesdk""}]"
00-001427,Морозильні скрині різних розмірів,"Морозильна скриня (1,2м), Чернігів, Миру,201 1/2",1,Холодильне обладнання,"[{""name"": ""20260707_121310.jpg"", ""url"": ""https://drive.google.com/file/d/1qMD49XC05Orv0b03cg-zDjJjEcyyaRYW/view?usp=drivesdk""}]"
00-001593,Морозильні скрині різних розмірів,"Морозильна скриня (1,2м), Чернігів, Миру,203 1/1",1,Холодильне обладнання,[]
00-001357,Морозильні скрині різних розмірів,"Морозильна скриня (1,3м) 90\*126\*60, Чернігів-Сосниця, Виноградського 1/1",1,Холодильне обладнання,"[{""name"": ""20260707_163744.jpg"", ""url"": ""https://drive.google.com/file/d/1qxRDvRRA5s-atgYBcFw5ALX94WY_cBtJ/view?usp=drivesdk""}, {""name"": ""20260707_163800.jpg"", ""url"": ""https://drive.google.com/file/d/1VmIkeT9yr0I91mMbbgRoopI3QczzROKE/view?usp=drivesdk""}]"
00-001358,Морозильні скрині різних розмірів,"Морозильна скриня (1,3м) 90\*128\*60, Чернігів-Сосниця, Виноградського 1/2",1,Холодильне обладнання,"[{""name"": ""20260707_163810.jpg"", ""url"": ""https://drive.google.com/file/d/1lo54M0qd3uqP6OPvOoAdHqwFiERcc89K/view?usp=drivesdk""}]"
00-001451,Морозильні скрині різних розмірів,"Морозильна скриня (1,5м) 92\*145\*70, Чернігів, Грушевського 1/2",1,Холодильне обладнання,[]
00-001604,Морозильні скрині різних розмірів,"Морозильна скриня (1,5м) 92\*164\*94, Чернігів, Льотна 1/1",1,Холодильне обладнання,"[{""name"": ""20260707_111543.jpg"", ""url"": ""https://drive.google.com/file/d/1bfXvRJVX1nGnVyrrgaf6oIKPlcAV00I5/view?usp=drivesdk""}]"
00-001489,Морозильні скрині різних розмірів,"Морозильна скриня (1,5м), Київ-Бобровиця, Незалежності 1/1",1,Холодильне обладнання,[]
00-001510,Морозильні скрині різних розмірів,"Морозильна скриня (1,5м), Чернігів-Мена, Шевченка,1 1/1",1,Холодильне обладнання,"[{""name"": ""20260707_113626.jpg"", ""url"": ""https://drive.google.com/file/d/1Z3PO1HwF0oPG8vZNlRVAeEP_PK3zsOP4/view?usp=drivesdk""}]"
00-001374,Морозильні скрині різних розмірів,"Морозильна скриня (1,5м), Чернігів, Всіхсвятська,3б 1/1",1,Холодильне обладнання,"[{""name"": ""20260707_164001.jpg"", ""url"": ""https://drive.google.com/file/d/1y1f8POrQjPtlgUz7iNTDn1KvMOZO_ie9/view?usp=drivesdk""}]"
00-001375,Морозильні скрині різних розмірів,"Морозильна скриня (1,5м), Чернігів, Всіхсвятська,3б 1/2",1,Холодильне обладнання,[]
00-001391,Морозильні скрині різних розмірів,"Морозильна скриня (1,5м), Чернігів, Миру,201 1/1",1,Холодильне обладнання,"[{""name"": ""20260707_163709.jpg"", ""url"": ""https://drive.google.com/file/d/1h-dmyog4_a6GHytAOwow2En0LhmCZlcx/view?usp=drivesdk""}]"
00-001392,Морозильні скрині різних розмірів,"Морозильна скриня (1,5м), Чернігів, Миру,201 1/2",1,Холодильне обладнання,"[{""name"": ""20260707_164016.jpg"", ""url"": ""https://drive.google.com/file/d/1xycV1UCwtHQN26K-P9DffaIxd2R4jAMc/view?usp=drivesdk""}]"
00-001651,Морозильні скрині різних розмірів,"Морозильна скриня 600 80\*65\*164, Київ-Березань, Шевченків Шлях 1/2 МХП",1,Холодильне обладнання,[]
00-001630,Морозильна скриня Langnese IGLO GMBH,Морозильна скриня Langnese - IGLO GMBH 251812,1,Холодильне обладнання,"[{""name"": ""20260707_163720.jpg"", ""url"": ""https://drive.google.com/file/d/10-cH4WVf38NCMNPm1vrVONtn_Q1e8f0u/view?usp=drivesdk""}]"
00-001418,Професійний пароконвектомат,"Пароконвектомат, Чернігів, Миру,201 1/1",1,Інше,"[{""name"": ""20260707_171902.jpg"", ""url"": ""https://drive.google.com/file/d/1GSZ0gKhYphQCQ1XIKkoe9EeJDwfjuCfC/view?usp=drivesdk""}]"
00-002479,Підвісний збірний потолок на 300 панелей,Підвісний збірний потолок на 300 панелей,1,Інше,[]
00-001429,Підставка під пароконвектомат,"Підставка під пароконвектомат, Чернігів, Миру,201 1/1",1,Інше,"[{""name"": ""20260707_171726.jpg"", ""url"": ""https://drive.google.com/file/d/1WrmgxNiPWf7s7QP5ciAG9uZ-kghDmuvU/view?usp=drivesdk""}]"
00-001442,Професійні печі для піци,"Піч для піци, Чернігів-Сосниця, Чернігівська 1/1",1,Кухонне обладнання,[]
00-001454,Професійні печі для піци,"Піч для піци, Чернігів, Грушевського 1/1",1,Кухонне обладнання,[]
00-001566,Професійні печі для піци,"Піч для піци, Чернігів,Всіхсвятська,3 1/1",1,Кухонне обладнання,"[{""name"": ""20260707_165853.jpg"", ""url"": ""https://drive.google.com/file/d/14ioF-5OvN-_4RJu0aWmIneL0YruOLGy-/view?usp=drivesdk""}, {""name"": ""20260707_165855.jpg"", ""url"": ""https://drive.google.com/file/d/1VX1AeJUGu-gcuxajED7KFl6HZPERYJbq/view?usp=drivesdk""}]"
00-001575,Професійні печі для піци,"Піч для піци, Чернігів,Миру,201 1/1",1,Кухонне обладнання,"[{""name"": ""20260707_171642.jpg"", ""url"": ""https://drive.google.com/file/d/1K5lIUT0oChXeP8VMWRsx-bcwsv0--6Lq/view?usp=drivesdk""}, {""name"": ""20260707_171648.jpg"", ""url"": ""https://drive.google.com/file/d/1feHQIIXht94WrUBTXASeyOSgDi3KPT3T/view?usp=drivesdk""}]"
00-002472,Мікрохвильові печі,Піч мікрохвильова Candy НР039 Чернігів,1,Кухонне обладнання,"[{""name"": ""20260707_171145.jpg"", ""url"": ""https://drive.google.com/file/d/1y9IC4cBlfsTt45g7HxkmkuYbkaiCsqWS/view?usp=drivesdk""}]"
00-001817,Принтер для друку чеків,Принтер для чеків адмін 1,1,IT та електроніка,[]
00-001819,Принтер для друку чеків,Принтер для чеків адмін 3,1,IT та електроніка,"[{""name"": ""20260707_171517.jpg"", ""url"": ""https://drive.google.com/file/d/1ms0OnrbVTMD4J_a0qql65LgNu9m6fP_l/view?usp=drivesdk""}]"
00-001818,Принтер для друку чеків,"Принтер для чеків+модем, адмін 2",1,IT та електроніка,"[{""name"": ""20260707_171457.jpg"", ""url"": ""https://drive.google.com/file/d/1FXTj8JBP9r2EfIWWWuJacVviAUs9RbtD/view?usp=drivesdk""}, {""name"": ""20260707_171508.jpg"", ""url"": ""https://drive.google.com/file/d/1atDmVnD35b2qbQNh4Ui87k2scf87Kgfu/view?usp=drivesdk""}]"
00-001145,4G USB Wi‑Fi роутер ERGO W023-CRC9,"Роутер ERGO W023-CRC9 3G/4G USB Wi-Fi, Чернігів-Прилуки, Київська 1/1",1,IT та електроніка,"[{""name"": ""20260707_181054.jpg"", ""url"": ""https://drive.google.com/file/d/1WAF2Bz2B06LnLkFD2zPt-zGz5JHWXdMQ/view?usp=drivesdk""}, {""name"": ""20260707_181251.jpg"", ""url"": ""https://drive.google.com/file/d/1_d69mTmtwZcj-i2g9TfFv4SzRA1M7KbD/view?usp=drivesdk""}]"
00-001196,4G USB Wi‑Fi роутер ERGO W023-CRC9,"Роутер ERGO W023-CRC9 3G/4G USB Wi-Fi, Чернігів,склад, Інструментальна 1/1",1,IT та електроніка,[]
00-001569,Професійна холодильна саладета,"Саладетта, Чернігів,Всіхсвятська,3 1/1",1,Холодильне обладнання,"[{""name"": ""20260707_171008.jpg"", ""url"": ""https://drive.google.com/file/d/1O5zhUOwtbc05r1AAzHvxx4yLDdte9fn3/view?usp=drivesdk""}, {""name"": ""20260707_171028.jpg"", ""url"": ""https://drive.google.com/file/d/1OEo30xXQvlflQXy-1zEsGDHludC4GDAH/view?usp=drivesdk""}]"
00-001578,Професійна холодильна саладета,"Саладетта, Чернігів,Миру,201 1/1",1,Холодильне обладнання,"[{""name"": ""20260707_171400.jpg"", ""url"": ""https://drive.google.com/file/d/1pQX0y_8-TvceoYdlTSkcrTbiVU0kv9x8/view?usp=drivesdk""}]"
00-001422,Слайсер,"Слайсер, Чернігів, Миру,201 1/1",1,Кухонне обладнання,"[{""name"": ""20260707_170837.jpg"", ""url"": ""https://drive.google.com/file/d/1YCn171tstUGPOmOJMz2ei-lgsngVGFek/view?usp=drivesdk""}]"
00-002485,Спліт система холодильних камер НР001 Славутич- не працює,Спліт система холодильних камер НР001 Славутич- не працює,1,Холодильне обладнання,[]
00-001605,Стелажі торгові та складські,"Стелаж, Чернігів, Льотна 1/1",1,Торгове та рекламне,"[{""name"": ""20260707_115946.jpg"", ""url"": ""https://drive.google.com/file/d/1vR5USYEDMwNY62Z5i1WA0I2kp-45aQZ8/view?usp=drivesdk""}, {""name"": ""20260707_120027.jpg"", ""url"": ""https://drive.google.com/file/d/1a4502tB97WW6aphUGiqK3wVYHIcehZyr/view?usp=drivesdk""}]"
00-002498,Стелажі торгові та складські,Стелажі зі стійками розібрані (79 шт+16 стійок),1,Торгове та рекламне,[]
00-001556,Стіл з мийною ванною з нержавіючої сталі,"Стіл з ванною мийкою, Чернігів, Всіхсвятська,3 1/1",1,Меблі,"[{""name"": ""20260707_171840.jpg"", ""url"": ""https://drive.google.com/file/d/12OQQYx5eeQUMSwuYs9QWK5LpeqgDml-N/view?usp=drivesdk""}]"
00-002460,Столи з нержавіючої сталі різних розмірів,"Стіл нержавійка 0,65\*1,7\*0,95 Чернігів Ріпкінська 4",1,Меблі,"[{""name"": ""20260707_145559.jpg"", ""url"": ""https://drive.google.com/file/d/1NjDuhhr9r0iexM7_6mPRXkeGDqZ2ogBD/view?usp=drivesdk""}, {""name"": ""20260707_164846.jpg"", ""url"": ""https://drive.google.com/file/d/1M5pfy-Y3WLOfErD1Vs7RTA3PyJtbKiqE/view?usp=drivesdk""}]"
00-002456,Столи з нержавіючої сталі різних розмірів,"Стіл нержавійка 1,0\*1,0\*0,95 Чернігів Ріпкінська 4",1,Меблі,[]
00-001563,Столи з нержавіючої сталі різних розмірів,"Стіл нержавійка, Чернігів, Всіхсвятська,3 1/1",1,Меблі,"[{""name"": ""1563_1.jpg"", ""url"": ""https://drive.google.com/file/d/1LxViE8D9b4HqJPuPU7rTjRy4qRyNLxCc/view?usp=drivesdk""}]"
00-001460,Столи з нержавіючої сталі різних розмірів,"Стіл нержавійка, Чернігів, Грушевського 1/1",1,Меблі,"[{""name"": ""20260707_145535.jpg"", ""url"": ""https://drive.google.com/file/d/175LQsvd10j_Q0Xv97oS75100vqHYIh7G/view?usp=drivesdk""}, {""name"": ""20260707_145641.jpg"", ""url"": ""https://drive.google.com/file/d/1_nFjOkjn4VmVFi-1yoCNENbIuYb9CTjC/view?usp=drivesdk""}, {""name"": ""20260707_163216.jpg"", ""url"": ""https://drive.google.com/file/d/1npyWxS6SHf-GK49CUwgCjKonPQWnmE1-/view?usp=drivesdk""}, {""name"": ""20260707_163221.jpg"", ""url"": ""https://drive.google.com/file/d/1M1uSE5MHYPoZTY-Ii8Fxx--70Aqj-cmX/view?usp=drivesdk""}]"
00-001461,Столи з нержавіючої сталі різних розмірів,"Стіл нержавійка, Чернігів, Грушевського 1/2",1,Меблі,"[{""name"": ""20260707_161851.jpg"", ""url"": ""https://drive.google.com/file/d/16eNFLcawHwHJQf-aDunPmCgav9S0Nkl8/view?usp=drivesdk""}]"
00-001462,Столи з нержавіючої сталі різних розмірів,"Стіл нержавійка, Чернігів, Грушевського 1/3",1,Меблі,"[{""name"": ""20260707_163206.jpg"", ""url"": ""https://drive.google.com/file/d/1D_rJw9XZS9dROn7MqW2SOdf7XmGRlbiF/view?usp=drivesdk""}]"
00-001411,Столи з нержавіючої сталі різних розмірів,"Стіл нержавійка, Чернігів, Миру,201 1/10",1,Меблі,"[{""name"": ""20260707_172413.jpg"", ""url"": ""https://drive.google.com/file/d/1SDrYkI35Jpzl3V-IexjzVlgDFtFkt2C2/view?usp=drivesdk""}]"
00-001412,Столи з нержавіючої сталі різних розмірів,"Стіл нержавійка, Чернігів, Миру,201 1/11",1,Меблі,"[{""name"": ""20260707_171427.jpg"", ""url"": ""https://drive.google.com/file/d/1aj21OVYgo-F0H_45yW-GLR-CWDHfqRJC/view?usp=drivesdk""}]"
00-001413,Столи з нержавіючої сталі різних розмірів,"Стіл нержавійка, Чернігів, Миру,201 1/12",1,Меблі,"[{""name"": ""20260707_171419.jpg"", ""url"": ""https://drive.google.com/file/d/1L7fi5FxphhQe_z4dli79QDlfLvb0NvVt/view?usp=drivesdk""}]"
00-001414,Столи з нержавіючої сталі різних розмірів,"Стіл нержавійка, Чернігів, Миру,201 1/13",1,Меблі,[]
00-001415,Столи з нержавіючої сталі різних розмірів,"Стіл нержавійка, Чернігів, Миру,201 1/14",1,Меблі,[]
00-001416,Столи з нержавіючої сталі різних розмірів,"Стіл нержавійка, Чернігів, Миру,201 1/15",1,Меблі,[]
00-001417,Столи з нержавіючої сталі різних розмірів,"Стіл нержавійка, Чернігів, Миру,201 1/16",1,Меблі,[]
00-001562,Стіл сомельє,"Стіл сомельє, Чернігів, Всіхсвятська,3 1/1",1,Меблі,"[{""name"": ""20260707_172202.jpg"", ""url"": ""https://drive.google.com/file/d/1EXSSdq-xVFfgN-U9idZ3CeOxLv2rmDgT/view?usp=drivesdk""}, {""name"": ""20260707_183005.jpg"", ""url"": ""https://drive.google.com/file/d/1jppI_9zsbobyE4R_O-gEOwbr6Pm8QEFb/view?usp=drivesdk""}]"
00-001144,Точка доступу MikroTik RB951Ui-2HnD,"Точка доступу Mikrotik RB951Ui-2HnD, Чернігів-Прилуки, Київська 1/1",1,Інше,"[{""name"": ""20260707_181054.jpg"", ""url"": ""https://drive.google.com/file/d/1WAF2Bz2B06LnLkFD2zPt-zGz5JHWXdMQ/view?usp=drivesdk""}]"
00-002453,Тумба для сумок,"Тумба під сумки 0,3\*0,4\*0,6 НР024 Чернігів/1",1,Меблі,[]
00-002455,Тумба для сумок,"Тумба під сумки 0,3\*0,4\*0,6 НР024 Чернігів/2",1,Меблі,[]
00-001568,Професійна електрична фритюрниця,"Фритюрниця, Чернігів,Всіхсвятська,3 1/1",1,Кухонне обладнання,"[{""name"": ""20260707_171625.jpg"", ""url"": ""https://drive.google.com/file/d/18lEzVP7o2KWWIx6awEAX_yzkjtV41jv-/view?usp=drivesdk""}, {""name"": ""20260707_171630.jpg"", ""url"": ""https://drive.google.com/file/d/1MUsfa885MCIHgcRWGY2qWRmg1F2aZLG5/view?usp=drivesdk""}]"
00-001577,Професійна електрична фритюрниця,"Фритюрниця, Чернігів,Миру,201 1/1",1,Кухонне обладнання,"[{""name"": ""20260707_171634.jpg"", ""url"": ""https://drive.google.com/file/d/1saFIfUi8J46-REahWqstxcXonkqUt1xo/view?usp=drivesdk""}, {""name"": ""20260707_171638.jpg"", ""url"": ""https://drive.google.com/file/d/1n1b0dyyqQGhP4wxt-P1X4pKQWbQy5Nv3/view?usp=drivesdk""}]"
00-001590,Холодильні вітрини різних розмірів,"Холодильна вітрина 1 (1,0м), Чернігів, Миру,203 1/1",1,Холодильне обладнання,[]
00-001591,Холодильні вітрини різних розмірів,"Холодильна вітрина 1 (1,0м), Чернігів, Миру,203 1/2",1,Холодильне обладнання,[]
00-001596,Холодильні вітрини різних розмірів,"Холодильна вітрина 1 (1,2м) 129\*120\*95, Чернігів-Ріпки, Святомиколаївська 1/2",1,Холодильне обладнання,"[{""name"": ""20260707_121003.jpg"", ""url"": ""https://drive.google.com/file/d/12hBNEK2joJMAiYJgTyr54GW1FtakS52e/view?usp=drivesdk""}]"
00-001689,Холодильні вітрини різних розмірів,"Холодильна вітрина 1 (1,3м), Чернігів, (Всіхсвятська,1) 1/1",1,Холодильне обладнання,[]
00-001589,Холодильні вітрини різних розмірів,"Холодильна вітрина 1 (1,3м), Чернігів, Миру,203 1/1",1,Холодильне обладнання,[]
00-001600,Холодильні вітрини різних розмірів,"Холодильна вітрина 1 (1,5м) 127\*158\*98, Чернігів, Льотна 1/1",1,Холодильне обладнання,[]
00-001601,Холодильні вітрини різних розмірів,"Холодильна вітрина 1 (1,5м) 127\*158\*98, Чернігів, Льотна 1/2",1,Холодильне обладнання,[]
00-001602,Холодильні вітрини різних розмірів,"Холодильна вітрина 1 (1,5м) 127\*158\*98, Чернігів, Льотна 1/3",1,Холодильне обладнання,[]
00-001463,Холодильні вітрини різних розмірів,"Холодильна вітрина 1 (1,5м) 127\*165\*115, Чернігів, Миру,253 1/1",1,Холодильне обладнання,"[{""name"": ""20260707_121016.jpg"", ""url"": ""https://drive.google.com/file/d/1-jTisQyA2tneJTm7DKZ5eEt_l-i46OP5/view?usp=drivesdk""}]"
00-001485,Холодильні вітрини різних розмірів,"Холодильна вітрина 1 (1,5м), Київ-Бобровиця, Незалежності 1/1",1,Холодильне обладнання,[]
00-001388,Холодильні вітрини різних розмірів,"Холодильна вітрина 1 (1,5м), Чернігів, Миру,201 1/5",1,Холодильне обладнання,"[{""name"": ""20260707_123125.jpg"", ""url"": ""https://drive.google.com/file/d/18hv-uFG-eMbIesfGarAf9QC3rQXkrMCz/view?usp=drivesdk""}]"
00-002451,Холодильні вітрини різних розмірів,"Холодильна вітрина 1,3 Айстермо Хладон R 130х91х107",1,Холодильне обладнання,[]
00-002452,Холодильні вітрини різних розмірів,"Холодильна вітрина 1,3 Хладон R 130х91х107",1,Холодильне обладнання,[]
00-002449,Холодильні вітрини різних розмірів,"Холодильна вітрина 1,6 Хладон R 160х90х107",1,Холодильне обладнання,[]
00-001344,Холодильні вітрини різних розмірів,"Холодильна вітрина 2 (1,3м), Чернігів-Славутич, кв.Поліський,3 1/1",1,Холодильне обладнання,[]
00-001307,Холодильні вітрини різних розмірів,"Холодильна вітрина 2 (1м), Чернігів, Красносільського,59 1/1",1,Холодильне обладнання,[]
00-001347,Холодильна кімната,"Холодильна кімната, Чернігів-Славутич, кв.Поліський,3 1/1",1,Холодильне обладнання,[]
00-001553,Холодильні шафи різних розмірів,"Холодильна шафа (0,68м), Чернігів, Всіхсвятська,3 1/1",1,Холодильне обладнання,"[{""name"": ""20260707_123325.jpg"", ""url"": ""https://drive.google.com/file/d/1BEWsHdfm-wD6pzk4ekPmsqMfotJIrlQc/view?usp=drivesdk""}, {""name"": ""20260707_123342.jpg"", ""url"": ""https://drive.google.com/file/d/17wDqCgg26r1dmFd7ErBR5z6n-ddk69MM/view?usp=drivesdk""}]"
00-001549,Холодильні шафи різних розмірів,"Холодильна шафа (0,8м) 210\*68\*60, Чернігів,Ринкова 1/1",1,Холодильне обладнання,"[{""name"": ""20260707_123425.jpg"", ""url"": ""https://drive.google.com/file/d/19fIn4TdfQ07_mqv0in-eY5yWqtniejk4/view?usp=drivesdk""}]"
00-001298,Холодильні шафи різних розмірів,"Холодильна шафа (1,2м), Чернігів-Носівка, Центральна,16 1/1",1,Холодильне обладнання,"[{""name"": ""20260707_123257.jpg"", ""url"": ""https://drive.google.com/file/d/1cbf2YuuhW6Dj7Q45khrzOlBANuMhpMib/view?usp=drivesdk""}]"
00-001535,Холодильні шафи різних розмірів,"Холодильна шафа (1,2м), Чернігів-Прилуки,Київська 1/1",1,Холодильне обладнання,"[{""name"": ""20260707_123241.jpg"", ""url"": ""https://drive.google.com/file/d/10c2MFNwXxcIh41Jf3h2upwea3VttkPh5/view?usp=drivesdk""}]"
00-001495,Холодильні шафи різних розмірів,"Холодильна шафа (1,5м), Чернігів-Ічня, Героїв Майдану,5г 1/1",1,Холодильне обладнання,"[{""name"": ""20260707_123038.jpg"", ""url"": ""https://drive.google.com/file/d/1K116eXlN3n4HaU5DcehPoTF8sFrEktIn/view?usp=drivesdk""}]"
00-001603,Холодильні шафи різних розмірів,"Холодильна шафа (1,6м) 194\*159\*51, Чернігів, Льотна 1/1",1,Холодильне обладнання,"[{""name"": ""20260707_113511.jpg"", ""url"": ""https://drive.google.com/file/d/1thXfEaKLFZt1pCnHka-mZ6YzbV2jzjKJ/view?usp=drivesdk""}, {""name"": ""20260707_113524.jpg"", ""url"": ""https://drive.google.com/file/d/1M53y_pegA1pgv6ggPovDT9QasoKM5kCX/view?usp=drivesdk""}]"
00-001356,Холодильні шафи різних розмірів,"Холодильна шафа (1,8м) 130\*73\*42, Чернігів-Сосниця, Виноградського 1/1",1,Холодильне обладнання,[]
00-001481,Холодильні шафи різних розмірів,"Холодильна шафа (1,8м) 160\*68\*50, Чернігів-Городня, Петрівського 1/1",1,Холодильне обладнання,"[{""name"": ""20260707_114903.jpg"", ""url"": ""https://drive.google.com/file/d/1IH4f5sKV_ovWyM-I21ewQY74Q38bA2G5/view?usp=drivesdk""}, {""name"": ""20260707_114923.jpg"", ""url"": ""https://drive.google.com/file/d/1o6lMV9OG5xDXH3FqKthaevb5y2BAIeRG/view?usp=drivesdk""}]"
00-001509,Холодильні шафи різних розмірів,"Холодильна шафа (1,8м) 80\*65\*37, Чернігів-Мена, Шевченка,1 1/1",1,Холодильне обладнання,"[{""name"": ""20260707_114950.jpg"", ""url"": ""https://drive.google.com/file/d/1binJPyReIGQcqVIa0JmuxzoISba8fn4E/view?usp=drivesdk""}, {""name"": ""20260707_115041.jpg"", ""url"": ""https://drive.google.com/file/d/1D8ahIangWrhmigINvN5gP0Vsa6f0famD/view?usp=drivesdk""}, {""name"": ""20260707_115052.jpg"", ""url"": ""https://drive.google.com/file/d/1T5X0SMACk-1KOCu4xyzPje76uSjkObyD/view?usp=drivesdk""}]"
00-001290,Холодильні шафи різних розмірів,"Холодильна шафа (1,8м), Чернігів, Всіхсвятська 3АІ-1 1/1",1,Холодильне обладнання,[]
00-001325,Холодильні шафи різних розмірів,"Холодильна шафа (1,8м), Чернігів, Гвард.Армії,37 1/1",1,Холодильне обладнання,"[{""name"": ""20260707_113420.jpg"", ""url"": ""https://drive.google.com/file/d/10ZSLQGR-ZtgeYKfSdtjz4nJMw2R_KeVc/view?usp=drivesdk""}, {""name"": ""20260707_113435.jpg"", ""url"": ""https://drive.google.com/file/d/1YU-iRBZ84x9HjgYD75JDEh0eFoisiv1e/view?usp=drivesdk""}]"
00-001320,Холодильні шафи різних розмірів,"Холодильна шафа (1,8м), Чернігів, Дніпровська,4 1/1",1,Холодильне обладнання,"[{""name"": ""20260707_113659.jpg"", ""url"": ""https://drive.google.com/file/d/19Dlqgob4qt12eMDyXeYeCbKVJT3touPN/view?usp=drivesdk""}, {""name"": ""20260707_113708.jpg"", ""url"": ""https://drive.google.com/file/d/1yieWV-W5eN_jqSwGNF1nZV1STdYXBdSK/view?usp=drivesdk""}]"
00-001302,Холодильні шафи різних розмірів,"Холодильна шафа (1м) 195\*79\*70, Чернігів-Городня, 1травня,19б 1/1",1,Холодильне обладнання,[]
00-001376,Холодильні шафи різних розмірів,"Холодильна шафа (1м), Чернігів, Всіхсвятська,3б 1/1",1,Холодильне обладнання,"[{""name"": ""20260707_135216.jpg"", ""url"": ""https://drive.google.com/file/d/1CvUh7IPHec0S66EQQU-6bAx7oeaYK6YS/view?usp=drivesdk""}]"
00-001314,Холодильні шафи різних розмірів,"Холодильна шафа (1м), Чернігів, Космонавтів,2 1/1",1,Холодильне обладнання,[]
00-001631,Холодильні шафи різних розмірів,Холодильна шафа дводверна 130х250х75,1,Холодильне обладнання,[]
00-002578,Холодильний агрегат,Холодильний агрегат (внутрішній),1,Холодильне обладнання,[]
00-001607,Шафа для одягу,"Шафа для одягу 195\*50\*52, Чернігів, Льотна 1/1",1,Меблі,"[{""name"": ""20260707_145342.jpg"", ""url"": ""https://drive.google.com/file/d/1Ac4FcKtSkrsk6Cp-ljfqr5lH2g4J3d3z/view?usp=drivesdk""}, {""name"": ""20260707_145351.jpg"", ""url"": ""https://drive.google.com/file/d/1uekyBXkmz88xi2NZX1014LS0WGMsDFRJ/view?usp=drivesdk""}, {""name"": ""20260707_145359.jpg"", ""url"": ""https://drive.google.com/file/d/1yU_d8ABxmQcChXFF5MEl07N6wLpihsiB/view?usp=drivesdk""}, {""name"": ""20260707_145419.jpg"", ""url"": ""https://drive.google.com/file/d/1AL-ZGojKIacIS-ug_0HkNkSZh-sJx_cY/view?usp=drivesdk""}, {""name"": ""20260707_145435.jpg"", ""url"": ""https://drive.google.com/file/d/1Yt_B80ci4Fg4n1oV_b709wcFOn4kJpcV/view?usp=drivesdk""}, {""name"": ""20260707_145450.jpg"", ""url"": ""https://drive.google.com/file/d/1vsn-oKd2jI66HEI_V5Rm75TcisK3yXEw/view?usp=drivesdk""}]"
00-001147,Удароміцна шафа з ABS-пластику 350×250×150 мм,"Шафа удароміцна з ABS-пластика 350х250х150мм,Чернігів-Прилуки, Київська 1/1",1,Меблі,[]
00-001128,Удароміцна шафа з ABS-пластику 350×250×150 мм,"Шафа удароміцна з ABS-пластика 350х250х150мм,Чернігів, Пятницька 1/1",1,Меблі,[]
00-001193,Удароміцна шафа з ABS-пластику 350×250×150 мм,"Шафа удароміцна з ABS-пластика 350х250х150мм,Чернігів, склад, Інструментальна 1/1",1,Меблі,[]
00-001419,Шпилька-візок для деко,"Шпилька для деко, Чернігів, Миру,201 1/1",1,Складське обладнання,[]
00-002494,Шпилька-візок для деко,"Шпилька для деко, Чернігів, Миру,201 1/2",1,Складське обладнання,[]
00-002434,Штендер,Штендер Чернігів Ріпки,1,Інше,[]
00-00004430,"LED світильник LEBRON L-T5-PL, 16W, 4100K чорний","LED світильник LEBRON L-T5-PL, 16W, 4100K чорний",11,Інше,[]
00-00004850,Підлогові ваги,Ваги підлогові,4,Інше,[]
00-00003960,Вентилятор підлоговий Underprice 1615G -40 см.сірий,Вентилятор підлоговий Underprice 1615G -40 см.сірий,4,Інше,[]
00-00004843,Холодильні вітрини різних розмірів,"Вітрина холодильна 1,33\*1,2 МХП",2,Холодильне обладнання,"[{""name"": ""20260707_134217.jpg"", ""url"": ""https://drive.google.com/file/d/1dmoEvYBJ9wJ3R6H0CrkaBSIO1lKQJRon/view?usp=drivesdk""}, {""name"": ""20260707_134327.jpg"", ""url"": ""https://drive.google.com/file/d/1vo765kiEXuh8_iQid57dHH_XaQIXDL20/view?usp=drivesdk""}]"
00-00004853,Холодильні вітрини різних розмірів,"Вітрина холодильна 1,35 х 1,1 НОРД МХП",1,Холодильне обладнання,[]
00-00004855,Холодильні вітрини різних розмірів,"Вітрина холодильна 1,6\*1,2 МХП",1,Холодильне обладнання,[]
00-00003045,Гастроємності різних розмірів,"Гастроємність 1/2 3,8л",61,Кухонне обладнання,[]
00-00005070,Гастроємності різних розмірів,Гастроємність нерж. 1/1 (32\*53\*7),24,Кухонне обладнання,"[{""name"": ""20260707_134133.jpg"", ""url"": ""https://drive.google.com/file/d/1FHrout4IU4oHFsY-ESlvC89AEkoPY1mV/view?usp=drivesdk""}, {""name"": ""20260707_134139.jpg"", ""url"": ""https://drive.google.com/file/d/1mPQMrOLVO6cYkGdPVo7xJnj_CKuH_FaC/view?usp=drivesdk""}]"
00-00005054,Гастроємності різних розмірів,Гастроємність нерж. 1/2 (26\*32\*7),94,Кухонне обладнання,"[{""name"": ""20260707_134042.jpg"", ""url"": ""https://drive.google.com/file/d/1yzXIiaxMwB_jqGon4EBwAVL75zSJ16P_/view?usp=drivesdk""}, {""name"": ""20260707_134050.jpg"", ""url"": ""https://drive.google.com/file/d/17P_CJju7z-61bNxYDL4G3-sHRolr0Ea7/view?usp=drivesdk""}, {""name"": ""20260707_134123.jpg"", ""url"": ""https://drive.google.com/file/d/1ZKzMviMSjk_cAdLBnlBm1GQtMcDWKFgQ/view?usp=drivesdk""}]"
00-00005055,Гастроємності різних розмірів,Гастроємність нерж. 1/3 (18\*32\*7),81,Кухонне обладнання,"[{""name"": ""20260707_134005.jpg"", ""url"": ""https://drive.google.com/file/d/1psfsI7t5scLsyl8A48vYZGcWcct7ImZJ/view?usp=drivesdk""}, {""name"": ""20260707_134012.jpg"", ""url"": ""https://drive.google.com/file/d/1g5RFGs8VLKZY7hVFWZDNhzattotANgBM/view?usp=drivesdk""}, {""name"": ""20260707_134018.jpg"", ""url"": ""https://drive.google.com/file/d/1Ne4e-GOIEPFq1gbyw9tB2rCP1LBP33eY/view?usp=drivesdk""}, {""name"": ""20260707_134034.jpg"", ""url"": ""https://drive.google.com/file/d/17TbJZLGAOxpjf1_P50d0bVq4sCqr2TeH/view?usp=drivesdk""}]"
00-00005108,Гастроємності різних розмірів,Гастроємність нерж. 1/4 (26\*16\*7),18,Кухонне обладнання,[]
00-00005342,Гастроємності різних розмірів,Гастроємність нерж. 30\*15,3,Кухонне обладнання,[]
00-00005341,Гастроємності різних розмірів,Гастроємність нерж. 60\*30,1,Кухонне обладнання,[]
00-00005340,Гастроємності різних розмірів,Гастроємність нерж. 70\*30,3,Кухонне обладнання,[]
00-00000032,Гастроємності різних розмірів,Гастроємність нержавійка середня,2,Кухонне обладнання,[]
00-00005141,Гастроємності різних розмірів,Гастроємність під свинину 90\*45,4,Кухонне обладнання,[]
00-00005193,Гастроємності різних розмірів,Гастроємність під фарш 43\*23\*10,2,Кухонне обладнання,[]
00-00005175,Гастроємності різних розмірів,Гастроємність пласт. 1/2 (26\*32\*7),174,Кухонне обладнання,"[{""name"": ""20260707_133847.jpg"", ""url"": ""https://drive.google.com/file/d/1IiXnDVJL2Q9D4piWJMEHx-3vMUtxQt54/view?usp=drivesdk""}, {""name"": ""20260707_133854.jpg"", ""url"": ""https://drive.google.com/file/d/1PAS3KXwMHo0O6usVOMJ_jropbNANo2gi/view?usp=drivesdk""}]"
00-00000056,Гастроємності різних розмірів,Гастроємність середня (чорний пластик),28,Кухонне обладнання,"[{""name"": ""20260707_133924.jpg"", ""url"": ""https://drive.google.com/file/d/1ZQHjq-7xjUoBgT27RoIrevoW9dC9S1RJ/view?usp=drivesdk""}, {""name"": ""20260707_133931.jpg"", ""url"": ""https://drive.google.com/file/d/1-lX8epeOfoX-TpVOkGKJBen2DnnOH_Yf/view?usp=drivesdk""}]"
00-00003750,"Драбина сталева Aloft SLIM 6 сходинок, посилена 150 кг (DRSLM-06)","Драбина сталева Aloft SLIM 6 сходинок, посилена 150 кг (DRSLM-06)",1,Інше,[]
00-00005056,Зарядний пристрій ARMER,Зарядний пристрій ARMER,1,Інше,[]
00-00005077,Каністра для палива,Каністра для палива,1,Інше,[]
00-00005408,Каністра пластикова для ПММ Bi-Plast 10 л.,Каністра пластикова для ПММ Bi-Plast 10 л.,2,Інше,[]
00-00003598,Каністра пластикова для ПММ Bi-Plast 20 л.,Каністра пластикова для ПММ Bi-Plast 20 л.,2,Інше,[]
00-00005396,Комплект з’єднувальних труб,Комплект з’єднувальних труб,1,Інше,[]
00-00005058,Конвектор PH-80,Конвектор PH-80,2,Інше,[]
00-00004849,Кондиціонери та внутрішні блоки різних моделей,Кондиціонер МХП,3,Електрообладнання,"[{""name"": ""20260707_130212.jpg"", ""url"": ""https://drive.google.com/file/d/18tawnu_55tBUwM_74RK1xnzp8ZkalK8l/view?usp=drivesdk""}, {""name"": ""20260707_130217.jpg"", ""url"": ""https://drive.google.com/file/d/1NZTFkCn-GspEKlDPBEYMFc22HpgGDoI4/view?usp=drivesdk""}, {""name"": ""20260707_130224.jpg"", ""url"": ""https://drive.google.com/file/d/1glQbRIKaUot6aR5Bb225wmTi51Dprcyw/view?usp=drivesdk""}, {""name"": ""20260707_130345.jpg"", ""url"": ""https://drive.google.com/file/d/1-uHgLhZg1eJqP7AVUUBX8U72EVwocmez/view?usp=drivesdk""}, {""name"": ""20260707_130357.jpg"", ""url"": ""https://drive.google.com/file/d/1LFJmo4zRbI5bC1yOZJZVQ0VCtp0vHYJ4/view?usp=drivesdk""}, {""name"": ""20260707_130401.jpg"", ""url"": ""https://drive.google.com/file/d/1h79gMYx0lCe3lukCESS33BdZ19jwPAa3/view?usp=drivesdk""}, {""name"": ""20260707_130625.jpg"", ""url"": ""https://drive.google.com/file/d/1ij1Jna8ZamhA-xzOutQxT6mt7iErFt92/view?usp=drivesdk""}, {""name"": ""20260707_130630.jpg"", ""url"": ""https://drive.google.com/file/d/1D63zkCAeMByZwu9r4uZsmPaJKhhZXfrU/view?usp=drivesdk""}, {""name"": ""20260707_130635.jpg"", ""url"": ""https://drive.google.com/file/d/1i9aqu_cJqdwvEuVLb0H_lChimHWHvLKN/view?usp=drivesdk""}, {""name"": ""20260707_130641.jpg"", ""url"": ""https://drive.google.com/file/d/1fCrEdp_DmO6YJpTFK4AWvDL2NGrDfNXD/view?usp=drivesdk""}, {""name"": ""20260707_130657.jpg"", ""url"": ""https://drive.google.com/file/d/1tBpMfB1xNiWZkQvBzJtcP6k75_bXXiaB/view?usp=drivesdk""}, {""name"": ""20260707_130712.jpg"", ""url"": ""https://drive.google.com/file/d/1mJmUYat8780zVYnCbFOhPKN9sQ5TEkYw/view?usp=drivesdk""}, {""name"": ""20260707_130721.jpg"", ""url"": ""https://drive.google.com/file/d/1WWSBETaGkr1gIIF83Wva5hV8-WHfQHz-/view?usp=drivesdk""}]"
00-00005080,Короб Легко для бренд.ларя,Короб Легко для бренд.ларя,9,Торгове та рекламне,[]
00-00005059,Короб прозорий для н/ф,Короб прозорий для н/ф,11,Інше,[]
00-00005182,Лампа УФО,Лампа УФО,1,Інше,"[{""name"": ""20260707_171558.jpg"", ""url"": ""https://drive.google.com/file/d/1axP__FSFkpGk_tt1A8UX-9LNT5BLK17f/view?usp=drivesdk""}, {""name"": ""20260707_171610.jpg"", ""url"": ""https://drive.google.com/file/d/1nE9xlkPvtXeumij0S_BrZLqu47xF87GL/view?usp=drivesdk""}]"
00-00004856,Морозильні скрині різних розмірів,"Лар морозильний 1,45\*0,65 МХП",1,Холодильне обладнання,[]
00-00005081,Ложка для кулінарї,Ложка для кулінарї,2,Інше,[]
00-00005082,Лопата снігоприбиральна,Лопата снігоприбиральна,1,Інше,[]
00-00005083,Лопатка для кулінаріі,Лопатка для кулінаріі,1,Інше,[]
00-00005332,Лопатка для піци,Лопатка для піци,1,Інше,[]
00-00004860,Професійна м'ясорубка,М'ясорубка,1,Кухонне обладнання,"[{""name"": ""20260707_170853.jpg"", ""url"": ""https://drive.google.com/file/d/1Y3NDu1TA6yiWHSjzJnKjdILXMviTeeeV/view?usp=drivesdk""}]"
00-00003426,Масляний обігрівач Nikura NY-C3-7-7секцій 1500W білий,Масляний обігрівач Nikura NY-C3-7-7секцій 1500W білий,1,Електрообладнання,[]
00-00005180,Мийка,Мийка,1,Кухонне обладнання,[]
00-00002281,Ніж для піци,Ніж для піци,1,Інше,[]
00-00003498,Обігрівач,Обігрівач,2,Електрообладнання,[]
00-00005463,Обігрівач керамічний,Обігрівач керамічний,2,Електрообладнання,[]
00-00005466,Обігрівач масляний,Обігрівач масляний,2,Електрообладнання,[]
00-00004004,Подовжувач НР035,Подовжувач НР035,1,Інше,[]
00-00002247,Принтер для друку чеків,Принтер для друку чеків,1,IT та електроніка,[]
00-00003904,Принтер для друку чеків,Принтер для чеків+модем,3,IT та електроніка,[]
00-00005328,Світильник (зелений плафон),Світильник (зелений плафон),25,Інше,"[{""name"": ""20260707_155600.jpg"", ""url"": ""https://drive.google.com/file/d/13ZszP5h3I3zOF00fUt821VTPU-RhyhAR/view?usp=drivesdk""}]"
00-00003961,Світильник для знищення комах LED 2 Вт,Світильник для знищення комах LED 2 Вт,2,Інше,[]
00-00005331,"Світильник лінійний 0,9","Світильник лінійний 0,9",1,Інше,[]
00-00005330,"Світильник лінійний 1,2","Світильник лінійний 1,2",1,Інше,[]
00-00005325,Сейф,Сейф,1,Інше,"[{""name"": ""20260707_145659.jpg"", ""url"": ""https://drive.google.com/file/d/1TzgSAgHL-Xzr-reVNO0iez9OZCD5El3a/view?usp=drivesdk""}, {""name"": ""20260707_145706.jpg"", ""url"": ""https://drive.google.com/file/d/1sj2pe8XDPOM232tCRZE7Jm_SCoMKrurF/view?usp=drivesdk""}]"
00-00005196,Сходинки під ковбасу,Сходинки під ковбасу,5,Інше,[]
00-00003427,Тепловентилятор Interlux INF-010,Тепловентилятор Interlux INF-010,7,Інше,[]
00-00004861,Професійний тістоміс,Тістоміс,1,Кухонне обладнання,"[{""name"": ""20260707_170516.jpg"", ""url"": ""https://drive.google.com/file/d/1NCVBGEXy_ayfVTd_C30Ngn8DOJHR-5BB/view?usp=drivesdk""}]"
00-00003114,Щипці кулінарні металеві,Щипці кулінарні металеві,2,Кухонне обладнання,[]
00-00005327,Щит «Наша Ряба» настінний,Щит «Наша Ряба» настінний,2,Торгове та рекламне,[]
00-00002130,"Ящик 1,8","Ящик 1,8",18,Складське обладнання,[]
00-00004298,Ящик 600×400×160/120 перф.,Ящик 600\*400\*160/120 перф.,6,Складське обладнання,[]
